n,Bubble,Insertion,Merge
100,0.00074,0.00048,0.00015
200,0.00229,0.00155,0.00031
300,0.00546,0.00391,0.00053
400,0.00972,0.00665,0.00067
500,0.01618,0.01121,0.00092
600,0.02261,0.01588,0.00112
700,0.03118,0.02174,0.00133
800,0.04233,0.03014,0.00156
900,0.0534,0.03767,0.0018
1000,0.06853,0.0478,0.00207
